{"cameraMode":{"drawMode":0,"name":"Shaded","section":"Shading Mode"},"sceneLighting":false,"audioPlay":false,"sceneViewState":{"showFog":true,"showMaterialUpdate":true,"showSkybox":true,"showFlares":true,"showImageEffects":true,"showParticleSystems":true},"in2DMode":false,"pivot":{"x":819.9205322265625,"y":310.488525390625,"z":-47.8734130859375},"rotation":{"x":-0.004499800968915224,"y":0.008999799378216267,"z":0.00004049970448249951,"w":0.9999493956565857},"size":1740.9283447265625,"orthographic":false}